slug,use_case,size_kb,h1_title,meta_description,intro_text,use_case_description,faq_question_1,faq_answer_1,faq_question_2,faq_answer_2,tool_type
compress-image-under-50kb,passport photo,50,Compress Passport Photo Under 50KB,Free tool to compress passport photos under 50KB instantly,"Use our free tool to compress your passport photo under 50KB. Fast, secure, and no registration needed.",Passport photos must be under 50KB for most online visa and passport applications.,How do I compress a passport photo under 50KB?,Upload your passport photo and our tool will automatically compress it to under 50KB while maintaining quality.,What size should a passport photo be?,Most countries require passport photos between 10-50KB with specific dimensions. Check your country's requirements.,image
compress-image-under-20kb,profile picture,20,Compress Profile Picture Under 20KB,Reduce profile picture to under 20KB for social media,"Compress your profile picture to under 20KB with our free online tool. Perfect for LinkedIn, Facebook, Twitter.",Social media platforms recommend small profile pictures for faster loading and better performance.,How to compress a profile picture for LinkedIn?,LinkedIn recommends profile pictures under 20KB. Use our tool to compress yours instantly.,What's the ideal profile picture size?,"For most social media, 20-50KB is optimal. LinkedIn prefers under 20KB.",image
compress-image-for-passport,passport,50,Compress Passport Image for Official Use,Official passport photo compression tool for visa applications,Compress your passport image to meet official government requirements. 100% free and secure.,Official passport applications require images under 50KB with specific resolution guidelines.,What are the US passport photo requirements?,US passports require 2x2 inch photos under 50KB with white background.,How to check if my passport photo is valid?,Use our tool to compress and verify your passport photo meets requirements.,image
compress-image-for-id-card,ID card,30,Compress ID Card Photo Under 30KB,Compress ID card photos for employee badges and official IDs,Quick compression for ID card photos under 30KB. Perfect for employee badges and student IDs.,ID cards and access badges require small file sizes for scanning systems and card printers.,How to compress ID card photo?,Use our tool to reduce ID card photos under 30KB while maintaining quality.,What size should an ID card photo be?,Most ID cards require photos under 30KB.,image
compress-image-for-email,email attachment,100,Compress Email Attachments Under 100KB,Reduce image size for email attachments instantly,"Compress images to under 100KB for easy email attachments. Works with Gmail, Outlook, Yahoo.",Email systems have size limits for attachments. Smaller images send faster and get delivered reliably.,What is the best email attachment size?,Under 100KB is recommended for quick email delivery and to avoid spam filters.,How to reduce image size for email?,Use our tool to compress images under 100KB before attaching to email.,image
compress-image-for-linkedin,LinkedIn profile,25,Compress LinkedIn Profile Picture,Optimize your LinkedIn profile picture for professional networking,Compress your LinkedIn profile photo to under 25KB for optimal display on professional networks.,LinkedIn recommends specific sizes for profile pictures. Smaller files load faster on all devices.,What size should LinkedIn profile picture be?,LinkedIn recommends 20-25KB for optimal display across all devices.,How to update LinkedIn profile picture?,"Compress your photo with our tool, then upload to LinkedIn.",image
compress-image-for-facebook,Facebook cover,150,Compress Facebook Cover Photo,Reduce Facebook cover photo size while maintaining quality,Compress your Facebook cover photo to under 150KB for fast loading on all devices.,Facebook cover photos need to be under 150KB for optimal performance on mobile and desktop.,What size should Facebook cover photo be?,Facebook cover photos under 150KB load fastest and look best.,How to change Facebook cover?,"Compress your cover photo with our tool, then upload to Facebook.",image
compress-image-for-twitter,Twitter profile,30,Compress Twitter Profile Picture,Optimize Twitter profile photo for social media,Compress your Twitter profile picture to under 30KB for better visibility.,Twitter compresses images automatically. Uploading smaller files ensures better quality.,What size should Twitter profile picture be?,Twitter recommends under 30KB for profile pictures.,How to update Twitter profile?,"Use our tool to compress your photo, then upload to Twitter.",image
compress-image-for-instagram,Instagram photo,200,Compress Instagram Photo for Upload,Reduce Instagram photo size while maintaining quality,Compress your Instagram photos to under 200KB for faster uploads and better quality.,Instagram compresses photos automatically. Uploading smaller files preserves quality.,What size should Instagram photos be?,Instagram recommends under 200KB for optimal quality.,How to upload photos to Instagram?,Compress your photos with our tool for faster uploads.,image
compress-image-for-website,website image,50,Compress Website Images for Faster Loading,Reduce website image sizes for faster page loading,Compress your website images to under 50KB for faster loading and better SEO.,Website loading speed is a key SEO factor. Smaller images mean faster websites.,How to optimize website images for SEO?,Compress images under 50KB for faster page loading and better rankings.,What's the best image size for websites?,Under 50KB is ideal for most website images.,image
compress-image-under-10kb,thumbnail,10,Compress Thumbnail Images Under 10KB,Create thumbnail images under 10KB for websites,Compress thumbnail images to under 10KB for ultra-fast loading.,Thumbnails need to be extremely small for fast loading in galleries and search results.,How to create small thumbnails?,Use our tool to compress thumbnails under 10KB.,What size should thumbnails be?,Under 10KB is ideal for fast-loading thumbnails.,image
compress-image-under-30kb,social media,30,Compress Social Media Images Under 30KB,Optimize social media images for better performance,Compress your social media images to under 30KB for better engagement.,Social media images that load faster get better engagement and reach.,How to optimize images for social media?,Compress images under 30KB for faster social media loading.,What's the ideal social media image size?,Under 30KB is recommended for social media platforms.,image
compress-image-under-200kb,blog post,200,Compress Blog Images Under 200KB,Optimize blog images for faster page loading,Compress your blog images to under 200KB for faster loading and better SEO.,Blog images under 200KB load faster and improve user experience and SEO rankings.,What's the best blog image size?,Under 200KB is recommended for blog images for optimal loading speed.,How to optimize images for blogging?,Compress blog images under 200KB for faster page loads.,image
compress-image-for-print,print quality,500,Compress Images for Print (300 DPI),Reduce print-quality images while maintaining 300 DPI,Compress print-quality images to under 500KB while maintaining 300 DPI resolution.,Print images need high resolution but also need reasonable file sizes for sharing and uploading.,How to compress images for print?,Use our tool to compress print images while maintaining 300 DPI quality.,What's the best image size for print?,300 DPI images under 500KB work well for most print applications.,image
compress-image-for-fiverr,Fiverr gig,100,Compress Fiverr Gig Images,Optimize Fiverr gig images for better visibility,Compress your Fiverr gig images to under 100KB for faster loading and better visibility.,Fiverr gig images need to be optimized for the platform's requirements.,What size should Fiverr gig images be?,Fiverr recommends gig images under 100KB.,How to create better Fiverr gigs?,Use our tool to optimize your gig images for better performance.,image
compress-image-for-upwork,Upwork profile,50,Compress Upwork Profile Images,Optimize Upwork profile images for professional use,Compress your Upwork profile images to under 50KB for professional freelancing.,Upwork profiles with optimized images get more views and client engagement.,What size should Upwork profile images be?,Upwork recommends profile images under 50KB.,How to improve Upwork profile?,Use our tool to compress and optimize your profile images.,image
compress-image-for-shopify,Shopify product,150,Compress Shopify Product Images,Optimize Shopify product images for faster store loading,Compress your Shopify product images to under 150KB for faster store loading and better conversions.,Shopify stores with optimized images load faster and convert better.,What's the best Shopify image size?,Shopify recommends product images under 150KB.,How to speed up Shopify store?,Compress all product images with our tool for faster loading.,image
compress-image-for-etsy,Etsy listing,200,Compress Etsy Listing Images,Optimize Etsy listing images for better visibility,Compress your Etsy listing images to under 200KB for better visibility and faster loading.,Etsy listings with optimized images rank higher in search and get more views.,What size should Etsy listing images be?,Etsy recommends listing images under 200KB.,How to improve Etsy listings?,Use our tool to compress and optimize listing images.,image
compress-image-for-amazon,Amazon product,250,Compress Amazon Product Images,Optimize Amazon product images for higher conversion,Compress your Amazon product images to under 250KB for better conversion rates.,Amazon product images need to be optimized for the platform's requirements.,What's the best Amazon image size?,Amazon recommends product images under 250KB.,How to sell more on Amazon?,Use our tool to optimize product images for higher conversion.,image
compress-image-for-ebay,eBay listing,200,Compress eBay Listing Images,Optimize eBay listing images for better sales,Compress your eBay listing images to under 200KB for better sales performance.,eBay listings with optimized images sell faster and at better prices.,What size should eBay listing images be?,eBay recommends listing images under 200KB.,How to sell faster on eBay?,Use our tool to compress and optimize listing images.,image
compress-image-for-wordpress,WordPress upload,150,Compress WordPress Images for Faster Site,Optimize WordPress images for faster loading,Compress your WordPress images to under 150KB for faster site loading and better SEO.,WordPress sites with optimized images rank higher and convert better.,How to optimize WordPress images?,Compress all uploaded images under 150KB for best performance.,What's the best WordPress image size?,Under 150KB is recommended for WordPress sites.,image
compress-image-for-gmail,Gmail attachment,100,Compress Images for Gmail Attachments,Reduce image sizes for Gmail attachments,Compress images to under 100KB for easy Gmail attachments and faster sending.,Gmail has size limits for attachments. Smaller images send faster and don't get blocked.,What's the Gmail attachment limit?,Gmail allows attachments up to 25MB. Under 100KB is best for images.,How to send images via Gmail?,Compress images with our tool before attaching to Gmail.,image
compress-image-for-outlook,Outlook attachment,100,Compress Images for Outlook,Optimize images for Outlook email attachments,Compress images to under 100KB for Outlook attachments and faster sending.,Outlook has attachment size limits. Smaller images get delivered faster and more reliably.,What's the Outlook attachment limit?,Outlook allows attachments up to 20MB. Under 100KB is best for images.,How to send images via Outlook?,Use our tool to compress images before attaching to Outlook.,image
compress-image-for-whatsapp,WhatsApp share,200,Compress Images for WhatsApp Sharing,Optimize images for WhatsApp sharing and faster sending,Compress your images to under 200KB for faster WhatsApp sharing and better quality.,WhatsApp compresses images automatically. Uploading smaller files preserves quality.,How to send images on WhatsApp?,Compress images under 200KB for faster WhatsApp sharing.,What's the best WhatsApp image size?,Under 200KB is recommended for WhatsApp images.,image
compress-image-for-telegram,Telegram share,150,Compress Images for Telegram,Optimize images for Telegram sharing and faster sending,Compress your images to under 150KB for faster Telegram sharing and better quality.,Telegram supports larger files but smaller images send faster and preserve quality.,How to send images on Telegram?,Compress images under 150KB for faster Telegram sharing.,What's the best Telegram image size?,Under 150KB is recommended for Telegram.,image
compress-image-for-slack,Slack upload,100,Compress Images for Slack,Optimize images for Slack uploads and faster sharing,Compress your images to under 100KB for faster Slack uploads and better sharing.,Slack has file size limits and smaller images upload faster and get shared more.,How to upload images to Slack?,Compress images under 100KB for faster Slack uploads.,What's the best Slack image size?,Under 100KB is recommended for Slack.,image
compress-image-for-discord,Discord share,100,Compress Images for Discord,Optimize images for Discord sharing,Compress your images to under 100KB for faster Discord sharing and better quality.,Discord allows image uploads but smaller files send faster and preserve quality.,How to send images on Discord?,Compress images under 100KB for faster Discord sharing.,What's the best Discord image size?,Under 100KB is recommended for Discord.,image
compress-image-for-pinterest,Pinterest pin,150,Compress Pinterest Images for Pins,Optimize Pinterest images for pins and boards,Compress your Pinterest images to under 150KB for better pin performance.,Pinterest pins with optimized images get more repins and engagement.,What size should Pinterest images be?,Pinterest recommends pin images under 150KB.,How to create better Pinterest pins?,Use our tool to compress and optimize pin images.,image
compress-image-for-reddit,Reddit post,100,Compress Images for Reddit Posts,Optimize Reddit post images for better engagement,Compress your Reddit images to under 100KB for better post engagement.,Reddit posts with optimized images get more upvotes and engagement.,What's the best Reddit image size?,Reddit recommends post images under 100KB.,How to get more Reddit upvotes?,Use our tool to compress and optimize post images.,image
compress-image-for-tumblr,Tumblr post,150,Compress Images for Tumblr,Optimize Tumblr images for better reach,Compress your Tumblr images to under 150KB for better reach and engagement.,Tumblr posts with optimized images get more reblogs and engagement.,What size should Tumblr images be?,Tumblr recommends post images under 150KB.,How to get more Tumblr reblogs?,Use our tool to compress and optimize your images.,image
compress-image-for-wechat,WeChat share,200,Compress Images for WeChat,Optimize WeChat images for sharing,Compress your images to under 200KB for faster WeChat sharing and better quality.,WeChat users share images frequently. Smaller images send faster and preserve quality.,How to share images on WeChat?,Compress images under 200KB for faster WeChat sharing.,What's the best WeChat image size?,Under 200KB is recommended for WeChat.,image
compress-image-for-viber,Viber share,150,Compress Images for Viber,Optimize Viber images for faster sharing,Compress your images to under 150KB for faster Viber sharing and better quality.,Viber is popular for messaging. Smaller images send faster and preserve quality.,How to send images on Viber?,Compress images under 150KB for faster Viber sharing.,What's the best Viber image size?,Under 150KB is recommended for Viber.,image
compress-image-for-signal,Signal share,100,Compress Images for Signal,Optimize Signal images for secure sharing,Compress your images to under 100KB for faster Signal sharing and better quality.,Signal emphasizes privacy and speed. Smaller images send faster and preserve security.,How to send images on Signal?,Compress images under 100KB for faster Signal sharing.,What's the best Signal image size?,Under 100KB is recommended for Signal.,image
compress-image-for-tiktok,TikTok video,300,Compress Images for TikTok Videos,Optimize TikTok video thumbnails and images,Compress your images to under 300KB for better TikTok video quality.,TikTok videos with optimized thumbnails get more views and engagement.,How to create better TikTok videos?,Use our tool to compress and optimize images for TikTok.,What's the best TikTok image size?,Under 300KB is recommended for TikTok thumbnails.,image
compress-image-for-youtube,YouTube thumbnail,200,Compress YouTube Thumbnail Images,Optimize YouTube thumbnails for better CTR,Compress your YouTube thumbnail images to under 200KB for better click-through rates.,YouTube thumbnails with optimized images get more clicks and views.,How to create better YouTube thumbnails?,Use our tool to compress and optimize thumbnail images.,What's the best YouTube thumbnail size?,Under 200KB is recommended for YouTube thumbnails.,image
compress-image-for-medium,Medium article,150,Compress Medium Article Images,Optimize Medium article images for better reading,Compress your Medium article images to under 150KB for better readability and engagement.,Medium articles with optimized images load faster and get more readers.,What's the best Medium image size?,Under 150KB is recommended for Medium article images.,How to write better Medium articles?,Use our tool to compress and optimize article images.,image
compress-image-for-substack,Substack newsletter,100,Compress Substack Newsletter Images,Optimize Substack newsletter images for better open rates,Compress your Substack newsletter images to under 100KB for better open rates.,Substack newsletters with optimized images have higher open rates and engagement.,What's the best Substack image size?,Under 100KB is recommended for newsletter images.,How to grow Substack newsletter?,Use our tool to compress and optimize newsletter images.,image
compress-image-for-blogger,Blogger post,150,Compress Blogger Post Images,Optimize Blogger images for faster loading,Compress your Blogger post images to under 150KB for faster loading and better SEO.,Blogger posts with optimized images rank higher in search and load faster.,What's the best Blogger image size?,Under 150KB is recommended for Blogger posts.,How to improve Blogger SEO?,Use our tool to compress and optimize blog post images.,image
compress-image-for-wix,Wix website,150,Compress Wix Website Images,Optimize Wix website images for faster loading,Compress your Wix website images to under 150KB for faster loading and better SEO.,Wix websites with optimized images load faster and rank higher in search.,What's the best Wix image size?,Under 150KB is recommended for Wix websites.,How to speed up Wix website?,Use our tool to compress all website images under 150KB.,image
compress-image-for-squarespace,Squarespace site,150,Compress Squarespace Images,Optimize Squarespace site images for faster loading,Compress your Squarespace images to under 150KB for better site performance.,Squarespace sites with optimized images load faster and convert better.,What's the best Squarespace image size?,Under 150KB is recommended for Squarespace.,How to improve Squarespace SEO?,Use our tool to compress and optimize site images.,image
compress-image-for-zoom,Zoom virtual background,300,Compress Zoom Virtual Background Images,Optimize Zoom virtual backgrounds for better video quality,Compress your Zoom virtual background images to under 300KB for better video quality.,Zoom virtual backgrounds need to be optimized for best video performance.,What's the best Zoom virtual background size?,Under 300KB is recommended for Zoom backgrounds.,How to create better Zoom backgrounds?,Use our tool to compress and optimize background images.,image
compress-image-for-teams,Microsoft Teams background,300,Compress Teams Background Images,Optimize Microsoft Teams backgrounds for better video,Compress your Teams background images to under 300KB for better video quality.,Microsoft Teams backgrounds need optimization for best video performance.,What's the best Teams background size?,Under 300KB is recommended for Teams backgrounds.,How to improve Teams video quality?,Use our tool to compress and optimize background images.,image
compress-image-for-google-meet,Google Meet background,300,Compress Google Meet Background Images,Optimize Google Meet backgrounds for better video,Compress your Google Meet background images to under 300KB for better video.,Google Meet backgrounds need optimization for best video performance.,What's the best Google Meet background size?,Under 300KB is recommended for Google Meet.,How to improve Google Meet video?,Use our tool to compress and optimize background images.,image
compress-image-for-webex,Webex background,300,Compress Webex Background Images,Optimize Webex backgrounds for better video quality,Compress your Webex background images to under 300KB for better video quality.,Webex backgrounds need optimization for best video performance.,What's the best Webex background size?,Under 300KB is recommended for Webex backgrounds.,How to improve Webex video?,Use our tool to compress and optimize background images.,image
compress-image-for-skype,Skype profile,50,Compress Skype Profile Picture,Optimize Skype profile images for better visibility,Compress your Skype profile picture to under 50KB for better visibility.,Skype profile pictures need optimization for best visibility on calls and messaging.,What's the best Skype profile size?,Under 50KB is recommended for Skype profiles.,How to improve Skype profile?,Use our tool to compress and optimize profile images.,image
compress-image-for-zoom-profile,Zoom profile,50,Compress Zoom Profile Picture,Optimize Zoom profile images for better visibility,Compress your Zoom profile picture to under 50KB for better visibility on calls.,Zoom profile pictures need optimization for best visibility on video calls.,What's the best Zoom profile size?,Under 50KB is recommended for Zoom profiles.,How to improve Zoom profile?,Use our tool to compress and optimize profile images.,image
compress-image-for-teams-profile,Teams profile,50,Compress Teams Profile Picture,Optimize Microsoft Teams profile images,Compress your Teams profile picture to under 50KB for better visibility.,Teams profile pictures need optimization for best visibility on calls and chats.,What's the best Teams profile size?,Under 50KB is recommended for Teams profiles.,How to improve Teams profile?,Use our tool to compress and optimize profile images.,image
compress-image-for-gmail-profile,Gmail profile,30,Compress Gmail Profile Picture,Optimize Gmail profile images for emails,Compress your Gmail profile picture to under 30KB for better email visibility.,Gmail profile pictures need optimization for best visibility on emails.,What's the best Gmail profile size?,Under 30KB is recommended for Gmail profiles.,How to improve Gmail profile?,Use our tool to compress and optimize profile images.,image
compress-image-for-outlook-profile,Outlook profile,30,Compress Outlook Profile Picture,Optimize Outlook profile images for emails,Compress your Outlook profile picture to under 30KB for better email visibility.,Outlook profile pictures need optimization for best visibility on emails.,What's the best Outlook profile size?,Under 30KB is recommended for Outlook profiles.,How to improve Outlook profile?,Use our tool to compress and optimize profile images.,image
compress-image-for-yahoo-profile,Yahoo profile,30,Compress Yahoo Profile Picture,Optimize Yahoo profile images for emails,Compress your Yahoo profile picture to under 30KB for better email visibility.,Yahoo profile pictures need optimization for best visibility on emails.,What's the best Yahoo profile size?,Under 30KB is recommended for Yahoo profiles.,How to improve Yahoo profile?,Use our tool to compress and optimize profile images.,image
compress-image-for-forum,forum avatar,20,Compress Forum Avatar Images,Optimize forum avatars for better visibility,Compress your forum avatar to under 20KB for better visibility on forums.,Forum avatars need optimization for best visibility on discussion boards.,What's the best forum avatar size?,Under 20KB is recommended for forum avatars.,How to improve forum profile?,Use our tool to compress and optimize avatar images.,image
compress-image-for-wordpress-comment,comment avatar,20,Compress WordPress Comment Avatar,Optimize WordPress comment avatars,Compress your WordPress comment avatar to under 20KB for better visibility.,WordPress comment avatars need optimization for best visibility on blogs.,What's the best WordPress avatar size?,Under 20KB is recommended for WordPress avatars.,How to improve WordPress profile?,Use our tool to compress and optimize avatar images.,image
compress-image-for-gravatar,Gravatar,20,Compress Gravatar Images,Optimize Gravatar images for better visibility,Compress your Gravatar image to under 20KB for better visibility across websites.,Gravatar images need optimization for best visibility on thousands of websites.,What's the best Gravatar size?,Under 20KB is recommended for Gravatar images.,How to create better Gravatar?,Use our tool to compress and optimize Gravatar images.,image