slug,use_case,h1_title,meta_description,intro_text,use_case_description,faq_question_1,faq_answer_1,faq_question_2,faq_answer_2,tool_type
merge-pdf-files-online,multiple documents,Merge PDF Files Online Free,Combine multiple PDFs into one file instantly,Merge your PDF files into a single document with our free online tool. No registration required.,"Merging PDFs is essential for organizing documents, reports, and presentations.",How do I merge PDF files online?,Upload all your PDFs and click merge to combine them into one document.,Is it safe to merge PDFs online?,"Yes, all processing happens in your browser. Your files are never uploaded to our servers.",pdf
merge-pdf-without-losing-quality,high-quality documents,Merge PDF Without Losing Quality,Combine PDFs while maintaining original quality,Merge PDF documents without losing quality. Perfect for professional documents.,Professional documents need to maintain quality when merging for presentations and reports.,How to merge PDFs without losing quality?,Our tool preserves original quality when merging PDF documents.,What quality is maintained during merging?,All original resolution and formatting is preserved.,pdf
merge-pdf-invoices,invoices,Merge PDF Invoices,Combine all invoices into one PDF document,Organize your invoices by merging them into one PDF for accounting.,"Businesses need to merge invoices for accounting, auditing, and record keeping.",How to merge multiple invoices?,Select all invoice PDFs and merge them into one organized file.,Why merge invoices?,Merging invoices creates organized financial records for accounting.,pdf
merge-pdf-reports,reports,Merge PDF Reports,Combine reports into a single PDF document,Consolidate all your reports into one PDF document for presentations.,Merging reports creates professional documentation for meetings and presentations.,How to merge reports in PDF?,Combine your report PDFs into one organized document for easy sharing.,Why merge reports?,"Merged reports are easier to share, present, and distribute.",pdf
merge-pdf-contracts,contracts,Merge PDF Contracts,Combine contracts into one PDF file,Merge multiple contracts into a single PDF for record keeping.,Legal contracts often need to be merged for comprehensive documentation.,How to merge contracts in PDF?,Combine all contract PDFs into one file for better organization.,Why merge contracts?,Merged contracts create complete documentation for legal purposes.,pdf
merge-pdf-proposals,proposals,Merge PDF Proposals,Combine proposals into one PDF for clients,Merge proposal PDFs into one document for client presentations.,Business proposals need to be presented professionally in a single document.,How to merge proposal PDFs?,Combine all proposal documents into one professional PDF.,Why merge proposals?,A single proposal document looks more professional to clients.,pdf
merge-pdf-presentations,presentations,Merge PDF Presentations,Combine presentation PDFs into one file,Merge multiple presentation PDFs into one document for events.,Presentations often need to be combined for conferences and events.,How to merge presentation PDFs?,Combine all presentation files into one seamless document.,Why merge presentations?,Merged presentations are easier to share and present.,pdf
merge-pdf-e-books,e-books,Merge PDF E-books,Combine e-book PDFs into one file,Merge multiple e-book PDFs into one complete book.,E-books often need to be combined for comprehensive reading experiences.,How to merge e-book PDFs?,Combine all e-book chapters into one complete PDF file.,Why merge e-books?,Merged e-books provide a better reading experience.,pdf
merge-pdf-manuals,manuals,Merge PDF Manuals,Combine user manuals into one PDF,Merge product manuals into one comprehensive PDF document.,User manuals often need to be combined for complete documentation.,How to merge manual PDFs?,Combine all manual files into one complete document.,Why merge manuals?,Complete manuals are easier for users to access and reference.,pdf
merge-pdf-forms,forms,Merge PDF Forms,Combine PDF forms into one file,Merge multiple PDF forms into one document for processing.,Forms often need to be combined for efficient processing and record keeping.,How to merge PDF forms?,Combine all form PDFs into one organized file.,Why merge forms?,Merged forms are easier to process and store.,pdf
merge-pdf-legal-documents,legal documents,Merge Legal PDF Documents,Combine legal documents into one PDF,Merge legal documents into one comprehensive PDF for cases.,Legal cases often require multiple documents to be combined.,How to merge legal document PDFs?,Combine all legal documents into one complete file for court.,Why merge legal documents?,Complete legal documentation is essential for court cases.,pdf
merge-pdf-financial-reports,financial reports,Merge Financial Reports PDF,Combine financial reports into one PDF,Merge financial reports into one comprehensive document.,Financial reports often need to be combined for presentations and reviews.,How to merge financial report PDFs?,Combine all financial documents into one report.,Why merge financial reports?,Complete financial documentation is essential for reviews.,pdf
merge-pdf-annual-reports,annual reports,Merge Annual Reports PDF,Combine annual reports into one PDF,Merge annual reports into one comprehensive document.,Annual reports need to be combined for shareholder presentations.,How to merge annual report PDFs?,Combine all annual report documents into one file.,Why merge annual reports?,Complete annual reports are essential for shareholders.,pdf
merge-pdf-project-documents,project documents,Merge Project PDF Documents,Combine project documents into one PDF,Merge all project documents into one comprehensive file.,Project documentation needs to be organized for team access.,How to merge project document PDFs?,Combine all project documents into one organized file.,Why merge project documents?,Organized project documents improve team collaboration.,pdf
merge-pdf-research-papers,research papers,Merge Research Paper PDFs,Combine research papers into one PDF,Merge research papers into one document for review.,Research papers often need to be combined for review and presentation.,How to merge research paper PDFs?,Combine all research documents into one comprehensive file.,Why merge research papers?,Complete research documentation is essential for review.,pdf
merge-pdf-academic-papers,academic papers,Merge Academic Paper PDFs,Combine academic papers into one PDF,Merge academic papers into one document for submission.,Academic papers need to be combined for submission and review.,How to merge academic paper PDFs?,Combine all academic documents into one submission file.,Why merge academic papers?,Complete academic documentation is required for submission.,pdf
merge-pdf-thesis,thesis,Merge Thesis PDF Chapters,Combine thesis chapters into one PDF,Merge thesis chapters into one complete document.,Thesis chapters need to be combined for submission and review.,How to merge thesis PDF chapters?,Combine all thesis chapters into one complete document.,Why merge thesis chapters?,Complete thesis submission requires all chapters in one file.,pdf
merge-pdf-dissertation,dissertation,Merge Dissertation PDF Chapters,Combine dissertation chapters into one PDF,Merge dissertation chapters into one complete document.,Dissertation chapters need to be combined for submission.,How to merge dissertation PDF chapters?,Combine all dissertation chapters into one document.,Why merge dissertation chapters?,Complete dissertation submission requires all chapters in one file.,pdf
merge-pdf-brochures,brochures,Merge PDF Brochures,Combine brochures into one PDF,Merge multiple brochures into one PDF document.,Brochures often need to be combined for marketing campaigns.,How to merge brochure PDFs?,Combine all brochures into one comprehensive document.,Why merge brochures?,Complete brochure sets are easier for marketing distribution.,pdf
merge-pdf-flyers,flyers,Merge PDF Flyers,Combine flyers into one PDF,Merge flyer PDFs into one document for distribution.,Flyers often need to be combined for marketing campaigns.,How to merge flyer PDFs?,Combine all flyers into one comprehensive document.,Why merge flyers?,Complete flyer sets are easier for marketing distribution.,pdf
merge-pdf-posters,posters,Merge PDF Posters,Combine posters into one PDF,Merge poster PDFs into one document for printing.,Posters often need to be combined for printing and distribution.,How to merge poster PDFs?,Combine all posters into one comprehensive document.,Why merge posters?,Complete poster sets are easier for printing and distribution.,pdf
merge-pdf-infographics,infographics,Merge PDF Infographics,Combine infographics into one PDF,Merge infographic PDFs into one document for sharing.,Infographics often need to be combined for comprehensive data presentation.,How to merge infographic PDFs?,Combine all infographics into one comprehensive document.,Why merge infographics?,Complete infographic sets are better for data presentation.,pdf
merge-pdf-charts,charts,Merge PDF Charts,Combine charts into one PDF,Merge chart PDFs into one document for presentations.,Charts often need to be combined for comprehensive data presentation.,How to merge chart PDFs?,Combine all charts into one comprehensive document.,Why merge charts?,Complete chart sets are better for data presentation.,pdf
merge-pdf-graphs,graphs,Merge PDF Graphs,Combine graphs into one PDF,Merge graph PDFs into one document for presentations.,Graphs often need to be combined for comprehensive data presentation.,How to merge graph PDFs?,Combine all graphs into one comprehensive document.,Why merge graphs?,Complete graph sets are better for data presentation.,pdf
merge-pdf-tables,tables,Merge PDF Tables,Combine PDF tables into one document,Merge table PDFs into one document for data organization.,Tables often need to be combined for comprehensive data organization.,How to merge table PDFs?,Combine all tables into one comprehensive document.,Why merge tables?,Complete table sets are better for data organization.,pdf
merge-pdf-catalogs,catalogs,Merge PDF Catalogs,Combine product catalogs into one PDF,Merge product catalog PDFs into one comprehensive document.,Product catalogs need to be combined for complete product listings.,How to merge catalog PDFs?,Combine all catalogs into one comprehensive document.,Why merge catalogs?,Complete catalogs are essential for product listings.,pdf
merge-pdf-price-lists,price lists,Merge PDF Price Lists,Combine price lists into one PDF,Merge price list PDFs into one document for pricing.,Price lists need to be combined for comprehensive pricing information.,How to merge price list PDFs?,Combine all price lists into one comprehensive document.,Why merge price lists?,Complete price lists are essential for pricing information.,pdf
merge-pdf-inventory-lists,inventory lists,Merge PDF Inventory Lists,Combine inventory lists into one PDF,Merge inventory list PDFs into one document for stock management.,Inventory lists need to be combined for comprehensive stock management.,How to merge inventory list PDFs?,Combine all inventory lists into one comprehensive document.,Why merge inventory lists?,Complete inventory lists are essential for stock management.,pdf
merge-pdf-shipping-documents,shipping documents,Merge PDF Shipping Documents,Combine shipping documents into one PDF,Merge shipping document PDFs into one file for logistics.,Shipping documents need to be combined for logistics management.,How to merge shipping document PDFs?,Combine all shipping documents into one comprehensive file.,Why merge shipping documents?,Complete shipping documentation is essential for logistics.,pdf
merge-pdf-invoices,invoices,Merge PDF Invoices,Combine invoices into one PDF for accounting,Merge invoice PDFs into one document for accounting records.,Invoices need to be combined for accounting and financial records.,How to merge invoice PDFs?,Combine all invoices into one comprehensive document.,Why merge invoices?,Complete invoice records are essential for accounting.,pdf
merge-pdf-receipts,receipts,Merge PDF Receipts,Combine receipts into one PDF for records,Merge receipt PDFs into one document for record keeping.,Receipts need to be combined for financial records and expense tracking.,How to merge receipt PDFs?,Combine all receipts into one comprehensive document.,Why merge receipts?,Complete receipt records are essential for expense tracking.,pdf
merge-pdf-tax-documents,tax documents,Merge PDF Tax Documents,Combine tax documents into one PDF,Merge tax document PDFs into one file for tax filing.,Tax documents need to be combined for tax filing and records.,How to merge tax document PDFs?,Combine all tax documents into one comprehensive file.,Why merge tax documents?,Complete tax documentation is essential for tax filing.,pdf
merge-pdf-payroll-documents,payroll documents,Merge PDF Payroll Documents,Combine payroll documents into one PDF,Merge payroll document PDFs into one file for HR records.,Payroll documents need to be combined for HR and payroll records.,How to merge payroll document PDFs?,Combine all payroll documents into one comprehensive file.,Why merge payroll documents?,Complete payroll documentation is essential for HR.,pdf
merge-pdf-hr-documents,HR documents,Merge PDF HR Documents,Combine HR documents into one PDF,Merge HR document PDFs into one file for HR records.,HR documents need to be combined for employee records and compliance.,How to merge HR document PDFs?,Combine all HR documents into one comprehensive file.,Why merge HR documents?,Complete HR documentation is essential for compliance.,pdf
merge-pdf-employee-records,employee records,Merge PDF Employee Records,Combine employee records into one PDF,Merge employee record PDFs into one file for HR management.,Employee records need to be combined for HR management and compliance.,How to merge employee record PDFs?,Combine all employee records into one comprehensive file.,Why merge employee records?,Complete employee records are essential for HR management.,pdf
merge-pdf-customer-records,customer records,Merge PDF Customer Records,Combine customer records into one PDF,Merge customer record PDFs into one file for CRM.,Customer records need to be combined for CRM and customer management.,How to merge customer record PDFs?,Combine all customer records into one comprehensive file.,Why merge customer records?,Complete customer records are essential for CRM.,pdf
merge-pdf-vendor-records,vendor records,Merge PDF Vendor Records,Combine vendor records into one PDF,Merge vendor record PDFs into one file for vendor management.,Vendor records need to be combined for vendor management and compliance.,How to merge vendor record PDFs?,Combine all vendor records into one comprehensive file.,Why merge vendor records?,Complete vendor records are essential for management.,pdf
merge-pdf-supplier-records,supplier records,Merge PDF Supplier Records,Combine supplier records into one PDF,Merge supplier record PDFs into one file for supply chain.,Supplier records need to be combined for supply chain management.,How to merge supplier record PDFs?,Combine all supplier records into one comprehensive file.,Why merge supplier records?,Complete supplier records are essential for supply chain.,pdf
merge-pdf-partner-records,partner records,Merge PDF Partner Records,Combine partner records into one PDF,Merge partner record PDFs into one file for partner management.,Partner records need to be combined for partner management and compliance.,How to merge partner record PDFs?,Combine all partner records into one comprehensive file.,Why merge partner records?,Complete partner records are essential for management.,pdf
merge-pdf-stakeholder-records,stakeholder records,Merge PDF Stakeholder Records,Combine stakeholder records into one PDF,Merge stakeholder record PDFs into one file for stakeholder management.,Stakeholder records need to be combined for stakeholder management and compliance.,How to merge stakeholder record PDFs?,Combine all stakeholder records into one comprehensive file.,Why merge stakeholder records?,Complete stakeholder records are essential for management.,pdf
merge-pdf-board-documents,board documents,Merge PDF Board Documents,Combine board documents into one PDF,Merge board document PDFs into one file for board meetings.,Board documents need to be combined for board meetings and compliance.,How to merge board document PDFs?,Combine all board documents into one comprehensive file.,Why merge board documents?,Complete board documentation is essential for meetings.,pdf
merge-pdf-meeting-minutes,meeting minutes,Merge PDF Meeting Minutes,Combine meeting minutes into one PDF,Merge meeting minute PDFs into one file for records.,Meeting minutes need to be combined for records and compliance.,How to merge meeting minute PDFs?,Combine all meeting minutes into one comprehensive file.,Why merge meeting minutes?,Complete meeting records are essential for compliance.,pdf
merge-pdf-agenda-documents,agenda documents,Merge PDF Agenda Documents,Combine agenda documents into one PDF,Merge agenda document PDFs into one file for meetings.,Agenda documents need to be combined for meeting preparation.,How to merge agenda document PDFs?,Combine all agenda documents into one comprehensive file.,Why merge agenda documents?,Complete agenda documentation is essential for meetings.,pdf
merge-pdf-presentation-decks,presentation decks,Merge PDF Presentation Decks,Combine presentation decks into one PDF,Merge presentation deck PDFs into one file for presentations.,Presentation decks need to be combined for comprehensive presentations.,How to merge presentation deck PDFs?,Combine all presentation decks into one comprehensive file.,Why merge presentation decks?,Complete presentation decks are better for audiences.,pdf
merge-pdf-training-manuals,training manuals,Merge PDF Training Manuals,Combine training manuals into one PDF,Merge training manual PDFs into one file for training.,Training manuals need to be combined for comprehensive training programs.,How to merge training manual PDFs?,Combine all training manuals into one comprehensive file.,Why merge training manuals?,Complete training manuals are essential for training.,pdf
merge-pdf-sop-documents,SOP documents,Merge PDF SOP Documents,Combine SOP documents into one PDF,Merge SOP document PDFs into one file for procedures.,SOP documents need to be combined for procedures and compliance.,How to merge SOP document PDFs?,Combine all SOP documents into one comprehensive file.,Why merge SOP documents?,Complete SOP documentation is essential for compliance.,pdf
merge-pdf-policy-documents,policy documents,Merge PDF Policy Documents,Combine policy documents into one PDF,Merge policy document PDFs into one file for HR.,Policy documents need to be combined for HR and compliance.,How to merge policy document PDFs?,Combine all policy documents into one comprehensive file.,Why merge policy documents?,Complete policy documentation is essential for compliance.,pdf
merge-pdf-procedure-documents,procedure documents,Merge PDF Procedure Documents,Combine procedure documents into one PDF,Merge procedure document PDFs into one file for operations.,Procedure documents need to be combined for operations and compliance.,How to merge procedure document PDFs?,Combine all procedure documents into one comprehensive file.,Why merge procedure documents?,Complete procedure documentation is essential for operations.,pdf
merge-pdf-workflow-documents,workflow documents,Merge PDF Workflow Documents,Combine workflow documents into one PDF,Merge workflow document PDFs into one file for processes.,Workflow documents need to be combined for process management.,How to merge workflow document PDFs?,Combine all workflow documents into one comprehensive file.,Why merge workflow documents?,Complete workflow documentation is essential for processes.,pdf
merge-pdf-process-documents,process documents,Merge PDF Process Documents,Combine process documents into one PDF,Merge process document PDFs into one file for operations.,Process documents need to be combined for operations management.,How to merge process document PDFs?,Combine all process documents into one comprehensive file.,Why merge process documents?,Complete process documentation is essential for operations.,pdf